Company,Address,City,TN,Zip,Website
Standard Construction Company,4195 Ermon Road,Whiteville,TN,38075,http://www.stdconst.com
Hollis & Hollis Group Inc,9 Quarry Road,Clarksville,TN,37042,
Argo Construction Corporation,9390 Cordova Park Road,Cordova,TN,38018,
Argo Construction Corp,748 Walnut Knoll Lane,Cordova,TN,38018,
"APAC Tennessee Inc.,","1210 Harbor Ave, Memphis, TN 38113",Memphis,TN,38113,
"Thomas, Sj Co",8047 Dayton Boulevard,Hixson,TN,37343,
Rawls Paving Co,3780 Ws Rawls Road,Springfield,TN,37172,
Appalachian Sealcoating,205 Lone Ridge Lane,Clinton,TN,37716,
Aaa Stripe Pro,1307 West Copeland Drive,Powell,TN,37849,http://www.appearoo.com/ChuckJones5000
A C Sealcoating,227 Coffey Road,New Tazewell,TN,37825,
Alpine Lining,509 North Spoon Lane,Bean Station,TN,37708,
Anderson & Associates Inc,106 Oakmont Drive,Kingsport,TN,37663,
Apac,2630 Us Highway 64,Crump,TN,38327,http://www.harrisoncc.com
Apac-Atlantic Inc,1807 Clydesdale Street,Maryville,TN,37801,
"APAC Tennessee Inc.,","1210 Harbor Ave, Memphis, TN 38113",Memphis,TN,38113,
A Plus Referrals LLC,1724 John Sharp Road,Spring Hill,TN,37174,
Appalachian Sealcoating,205 Lone Ridge Lane,Clinton,TN,37716,
Argo Construction Corp,748 Walnut Knoll Lane,Cordova,TN,38018,
Argo Construction Corporation,9390 Cordova Park Road,Cordova,TN,38018,
Arnco Construction Inc,419 East Armory Street,Trenton,TN,38382,http://www.arncoconstruction.com
Best Co  Services Group,9690 South Lick Creek Road,Lyles,TN,37098,http://www.bestcoservicesgroupllc.com
Blalock & Sons Inc,409 Robert Henderson Road,Sevierville,TN,37862,http://www.blalockcompanies.com
"Btf Solutions, A Joint Venture",535 Marriott Drive # 625,Nashville,TN,37214,http://www.balfourbeattyus.com
Bushwhackers,1835 Dodd Branch Road,Greeneville,TN,37743,
Caylor,7622 East LAMAR ALEXANDER Parkway,Townsend,TN,37882,http://www.uwebconnect.com/caylorexcavatingcom/contact
Cc Contractors,508 James K Polk Street,Clifton,TN,38425,
"Centurylink, Inc",112 6th Street,Bristol,TN,37620,
Chancellor Brothers LLC,7474 Raleigh Lagrange Road,Cordova,TN,38018,
Charleston Construction,185 Furnace Road,Johnson City,TN,37601,
Choctaw Construction Co Inc,5324 Hungerford Road,Memphis,TN,38118,
City Maintenance Shop,580 Gaylord Street,Dresden,TN,38225,
Cleveland Public Works,474 2nd Street Se,Cleveland,TN,37311,http://www.clevelandtn.gov
County Of Henry,575 Cedar Street,Paris,TN,38242,http://www.henrycountyclerktn.com
Craddock & Roach LLC,4258 Alexander Road,Troy,TN,38260,
Dement Construction CO,14285 Highway 641 South,Holladay,TN,38341,
Design Constructors Inc,1334 Murfreesboro Pike,Nashville,TN,37217,http://www.designconstructorsinc.com
Digit Lawn Care,285 Ridgecrest Road,Jackson,TN,38305,
Dyersburg Water Department,435 Us Highway 51 Bypass South,Dyersburg,TN,38024,http://www.dyerchamber.com
Elk Mountain Cnstr CO Inc,245 Elkins Mountain Lane,Gainesboro,TN,38562,
Ford Construction,2914 East Reelfoot Avenue,Union City,TN,38261,http://www.bid-best.com
Ford Construction CO,7931 Highway 22,Dresden,TN,38225,http://www.bid-best.com
Ford Construction Company,2353 Highway 104 West,Dyersburg,TN,38024,http://www.bid-best.com
Gcs Inc,208 Quail Run Court,Johnson City,TN,37601,http://www.thegoodsells.com
George-Fikes LLC,5607 Green Valley Drive,Knoxville,TN,37914,
Gridiron Blhi Jv1,505 Blythe Avenue,Gallatin,TN,37066,
"Grover Gosnell Construction, LLC",9544 Asheville Highway,Greeneville,TN,37743,http://www.xtn.net
Hale John Paving CO,1202 East Main Street,Morristown,TN,37814,http://www.johnhalepaving.com
Hickman County Highway Department,187 Highway 50 East,Centerville,TN,37033,http://www.hickmancountychamber.org
Highway Department,1095 North Main Street,Ashland City,TN,37015,http://tennessee.gov
Highway Department,228 Flat Fork Road,Wartburg,TN,37887,http://www.lcca.com
Highway Department,808 North Highway 51,Troy,TN,38260,
Highway Department,1093 Highway 12 North,Ashland City,TN,37015,
Highway Department,195 State Drive,Helenwood,TN,37755,
Highway Department,6385 Clay County Highway,Moss,TN,38575,
Highway Department,820 Lower Quarry Road,Newport,TN,37821,http://www.cockecounty.net
Highway Department,1529 Westover Road,Jackson,TN,38301,http://Co.madison.tn.us
Highway Department,3044 Old Tullahoma Road,Winchester,TN,37398,
Highway Department,125 Court Avenue # 304,Sevierville,TN,37862,http://www.sevierlibrary.org
Highway Department,,Wynnburg,TN,38077,
Highway Department,602 County Crusher Road,Pikeville,TN,37367,
Highway Department Garage,720 Smith Road,Smithville,TN,37166,
Highway Department-Garage,822 Old Highway 92,Dandridge,TN,37725,
Highway Department-Garage,2636 South Grundy Quarles Highway,Gainesboro,TN,38562,
Highway Department Garage,491 Ferrell Drive,Cookeville,TN,38506,http://Tdot.com
Highway Department-Garage,1022 Mc Cannon Avenue,Alcoa,TN,37701,
Highway Department Garage,301 College Street North,Madisonville,TN,37354,
Highway Department Maintenance,14200 Highway 59,Somerville,TN,38068,
Highway Department Maintenance,Wartrace Pike,Shelbyville,TN,37160,
Highway Dept-Engineering Office,Old Mckenzie Highway,Paris,TN,38242,
Highway Engineering Department,6202 Cayce Lane,Columbia,TN,38401,http://Tn.gov
Highway Engineers Garage,12077 Highway 70,Arlington,TN,38002,http://Tn.gov
Highway Garage,1248 South Manufacturers Row B,Trenton,TN,38382,http://Dot.state.mn.us
Highway Garage,2119 Highway 49,Dover,TN,37058,http://Dot.state.mn.us
Highway Garage,2375 Industrial Loop Road,Pulaski,TN,38478,http://Dot.state.mn.us
Highway Garage,,Hurricane Mills,TN,37078,http://Dot.state.mn.us
Highway Maintenance Garage,2834 Nashville Highway,McMinnville,TN,37110,
Highway Maintenance Shop,356 Old Highway 149,Erin,TN,37061,
Highways Inc,62 Paris Street,McMinnville,TN,37110,http://www.highwaysinc.com
Hollis & Hollis Group Inc,9 Quarry Road,Clarksville,TN,37042,
Houston Highway Department,7330 Clarksville Highway,Erin,TN,37061,
Hunter Excavating Co,487 Nichols Lane,Gallatin,TN,37066,
"Interstate Concrete Construction, LLC",178 Durkee Road Ne,Cleveland,TN,37323,http://www.simpsonconst.net
Jackson Street Department,125 Farrar Street,Jackson,TN,38301,
James Willis Grading,931 North Campbell Station Road,Knoxville,TN,37932,
Jones Brothers Inc,3313 Roberts Road,Chattanooga,TN,37416,http://Jonesbrosinc.com
Kenneth Allen Still,103 Holston Drive,Blountville,TN,37617,
Kingston Street Department,1501 James Ferry Road,Kingston,TN,37763,http://www.kingstontn.gov
Lauderdale County Highway Department,888 Asbury Glimp Road,Ripley,TN,38063,http://www.lctngov.com
Lehman-Roberts Company And Eutaw Construction Company Ajv,1111 Wilson Street,Memphis,TN,38106,http://www.lehman-robertscompany.ibu.com
"Louise Murphy Enterprise, Inc",11690 New Highway 68,Tellico Plains,TN,37385,
Maggard Exterior Construction,5803 Pettus Road,Antioch,TN,37013,
Martin Street Department,703 North Lindell Street,Martin,TN,38237,http://www.cityofmartin.net
Maymead Inc Lab,5045 Highway 421 South,Mountain City,TN,37683,
Mckenzie Public Works Department,341 Locust Avenue,McKenzie,TN,38201,
Nexeo Solutions,2351 Channel Avenue,Memphis,TN,38109,http://Ashland.com
Nsite Inc,10162 Stinson Street,Milan,TN,38358,
Operations Construction,1720 6th Street Ne,Cleveland,TN,37311,http://www.tn.gov
Parris Enterprises,301 Forest Avenue,Chattanooga,TN,37405,
Pavement Allen & Construction,1985 Roe Junction Road,Morristown,TN,37813,
Perry County Highway Office,424 Old Highway 13 South,Linden,TN,37096,
Pettys Construction,12167 Ra Griffith Highway,Whitwell,TN,37397,
Polk County Highway Department,1887 Welcome Valley Road,Benton,TN,37307,http://www.polkgovernment.com
Public Works,740 South 5th Street,Nashville,TN,37206,http://www.nashville.gov
Rawls Paving Co,3780 Ws Rawls Road,Springfield,TN,37172,
Resident Engineer,332 Shetland Road,La Follette,TN,37766,http://Tn.gov
Resident Engineers,10243 Us Highway 70 East,McEwen,TN,37101,
Roger N Melissa D Talley,7 Woodhill Drive,Lookout Mountain,TN,37350,http://www.talleyconstruction.net
"Rogers Group, Inc",646 Highway 99,Lewisburg,TN,37091,http://www.rogersgroupincint.com
Seal-Co Inc,6020 Pinehurst Avenue,Chattanooga,TN,37421,http://www.sealdeals.com
Sevier County Highway Garage,139 County Garage Road,Sevierville,TN,37876,http://www.sevierlibrary.org
She Builders Incorporated,8745 Brownsford Cove,Cordova,TN,38016,
Smith Jeanie,7977 State Highway 189,Friendship,TN,38034,
Smithville State Highway Department,,Smithville,TN,37166,
Speidel Airfield Marking,7445 J Bragg Highway 101,Murfreesboro,TN,37127,http://www.americanwaterblasting.com
Standard Construction Company,4195 Ermon Road,Whiteville,TN,38075,http://www.stdconst.com
State Highway Department,2884 Nashville Highway,McMinnville,TN,37110,
State Highway Department,2834 Nashville Highway,McMinnville,TN,37110,
Street's Construction,171 Clay Little Road,Elizabethton,TN,37643,
"Summers-Taylor, Inc",128 Moreland Road,Mooresburg,TN,37811,http://www.summerstaylor.com
Summers-Taylor Inc,730 Centenary Road,Blountville,TN,37617,
Superior Asphalt,403 Oak Street,Lawrenceburg,TN,38464,
T C Stone Inc,1500 Luderdale Mem Highway Nw,Charleston,TN,37310,http://www.stoneseed.com
Tennessee Department Of Transportation,14200 Highway 59,Somerville,TN,38068,http://www.tn511.com
"Thomas, Sj Co",8047 Dayton Boulevard,Hixson,TN,37343,
Tkm Inc,915 Weaver Bottom Road,Celina,TN,38551,http://www.tkmus.com
TN Highway Maintenance Garage,,Spencer,TN,38585,
Tommy's Lot Maintenance,109 Hickory Drive,Crossville,TN,38571,
Top Coat Specialists LLC,8037 Esterbrook Drive,Nashville,TN,37221,
Tri City Maintenance Co LLC,129 Industrial Drive,Elizabethton,TN,37643,http://www.tricitiesmaintenance.com
Van Buren Highway Department,432 Sullivan Road,Spencer,TN,38585,
Wair's Paving Inc,4748 Lickton Pike,Whites Creek,TN,37189,
Washington County Highway Department,182 Asphalt Plant Road,Jonesborough,TN,37659,
Wayne Wright,1880 Lakehill Circle,Lewisburg,TN,37091,
Williamson County Fence CO,133 Holiday Court 205,Franklin,TN,37067,
